{"successful_requests": 100, "slowest": 0.48247571800038713, "fastest": 0.23604887799956487, "total_time": 2.976697635000164, "request_per_minute": 2016, "request_per_second": 34}